,City,Lat,Lng,Max Temp,Humidity,Cloudiness,Wind Speed,Country,Current Description,Date
0,Dikson,73.5069,80.5464,-8.25,100,100,6.17,RU,overcast clouds,2022-04-22 23:10:04
1,Bachaquero,9.9694,-71.1494,76.77,82,100,3.69,VE,overcast clouds,2022-04-22 23:10:04
2,Boueni,-12.9025,45.0761,80.58,80,100,16.02,YT,light rain,2022-04-22 23:10:04
3,Cape Town,-33.9258,18.4232,59.34,71,0,17.0,ZA,clear sky,2022-04-22 23:10:05
4,Ambilobe,-13.2,49.05,72.64,92,91,3.78,MG,overcast clouds,2022-04-22 23:10:05
5,Jamestown,42.097,-79.2353,53.02,51,0,6.91,US,clear sky,2022-04-22 23:10:06
6,Port Alfred,-33.5906,26.891,58.17,95,100,3.0,ZA,moderate rain,2022-04-22 23:10:06
7,Conceicao Do Araguaia,-8.2578,-49.2647,75.97,86,100,2.13,BR,overcast clouds,2022-04-22 23:06:26
8,Iqaluit,63.7506,-68.5145,8.04,86,95,4.32,CA,overcast clouds,2022-04-22 23:10:07
9,Hamilton,39.1834,-84.5333,76.84,50,40,6.91,US,scattered clouds,2022-04-22 23:10:07
10,Iskateley,67.6803,53.1512,-2.06,93,8,7.65,RU,clear sky,2022-04-22 23:10:08
11,Ribeira Grande,38.5167,-28.7,58.48,66,95,13.29,PT,overcast clouds,2022-04-22 23:10:08
12,Port Elizabeth,-33.918,25.5701,60.1,93,100,13.0,ZA,overcast clouds,2022-04-22 23:09:21
13,Ushuaia,-54.8,-68.3,44.26,61,40,4.61,AR,scattered clouds,2022-04-22 23:10:08
14,Birin,26.8865,88.0718,58.51,77,1,4.63,NP,clear sky,2022-04-22 23:10:09
15,Hithadhoo,-0.6,73.0833,84.67,70,100,11.5,MV,overcast clouds,2022-04-22 23:09:14
16,Atar,20.5169,-13.0499,78.31,20,49,6.98,MR,scattered clouds,2022-04-22 23:10:09
17,Tsaratanana,-16.7833,47.65,73.83,81,99,8.39,MG,overcast clouds,2022-04-22 23:10:10
18,Upernavik,72.7868,-56.1549,4.51,95,70,2.48,GL,broken clouds,2022-04-22 23:09:35
19,Kumylzhenskaya,49.8809,42.5898,47.98,91,99,9.08,RU,overcast clouds,2022-04-22 23:10:11
20,Bosaso,11.2842,49.1816,83.62,65,39,6.53,SO,scattered clouds,2022-04-22 23:10:11
21,Saint-Pierre,-21.3393,55.4781,76.68,77,0,26.46,RE,clear sky,2022-04-22 23:10:11
22,Valparaiso,-33.0393,-71.6273,69.44,73,0,3.44,CL,clear sky,2022-04-22 23:10:12
23,Grand Gaube,-20.0064,57.6608,76.37,71,81,7.0,MU,broken clouds,2022-04-22 23:10:12
24,Aketi,2.7388,23.7833,69.22,98,82,1.79,CD,light rain,2022-04-22 23:10:13
25,Pajan,-1.5667,-80.4167,76.44,89,83,1.83,EC,light rain,2022-04-22 23:10:13
26,Ravar,31.2656,56.8055,73.0,28,100,4.23,IR,overcast clouds,2022-04-22 23:10:13
27,Obo,5.3998,26.4869,68.58,84,99,1.83,CF,overcast clouds,2022-04-22 23:06:21
28,Longyearbyen,78.2186,15.6401,21.04,73,75,4.61,SJ,light snow,2022-04-22 23:10:14
29,Hofn,64.2539,-15.2082,44.78,86,11,0.45,IS,few clouds,2022-04-22 23:09:22
30,Ibra,22.6906,58.5334,78.31,39,99,1.68,OM,overcast clouds,2022-04-22 23:10:15
31,Arraial Do Cabo,-22.9661,-42.0278,75.81,82,0,8.93,BR,clear sky,2022-04-22 23:10:15
32,Upata,8.0086,-62.3989,77.74,66,86,5.77,VE,overcast clouds,2022-04-22 23:10:15
33,Ponta Do Sol,32.6667,-17.1,63.23,68,92,12.62,PT,overcast clouds,2022-04-22 23:10:16
34,Zanjan,36.6736,48.4787,53.46,52,0,4.14,IR,clear sky,2022-04-22 23:10:16
35,Derzhavinsk,51.1,66.3167,36.55,53,1,9.86,KZ,clear sky,2022-04-22 23:10:17
36,Mar Del Plata,-38.0023,-57.5575,53.62,94,75,15.99,AR,broken clouds,2022-04-22 23:09:50
37,Ilulissat,69.2167,-51.1,24.82,80,75,5.75,GL,broken clouds,2022-04-22 23:10:17
38,Salalah,17.0151,54.0924,80.69,83,20,1.14,OM,few clouds,2022-04-22 23:10:07
39,Cidreira,-30.1811,-50.2056,71.37,80,100,15.3,BR,moderate rain,2022-04-22 23:10:18
40,Margate,51.3813,1.3862,52.3,88,100,4.0,GB,overcast clouds,2022-04-22 23:05:32
41,Bredasdorp,-34.5322,20.0403,56.89,61,81,6.76,ZA,broken clouds,2022-04-22 23:10:19
42,Mahebourg,-20.4081,57.7,76.24,67,86,18.41,MU,overcast clouds,2022-04-22 23:08:52
43,Radom,51.4025,21.1471,42.15,86,9,1.99,PL,clear sky,2022-04-22 23:10:19
44,Georgetown,5.4112,100.3354,82.33,89,40,0.0,MY,scattered clouds,2022-04-22 23:09:34
45,Hermanus,-34.4187,19.2345,54.81,67,35,10.94,ZA,scattered clouds,2022-04-22 23:06:03
46,Busselton,-33.65,115.3333,55.8,78,0,11.54,AU,clear sky,2022-04-22 23:10:20
47,Richards Bay,-28.783,32.0377,68.31,92,74,4.12,ZA,broken clouds,2022-04-22 23:10:21
48,Saint-Philippe,-21.3585,55.7679,76.59,83,88,16.82,RE,light rain,2022-04-22 23:09:33
49,Kilindoni,-7.9139,39.6668,81.25,75,76,5.32,TZ,broken clouds,2022-04-22 23:10:21
50,Pangnirtung,66.1451,-65.7125,8.64,91,86,2.17,CA,overcast clouds,2022-04-22 23:10:21
51,Harbour Breton,47.4833,-55.7983,38.25,86,100,10.13,CA,overcast clouds,2022-04-22 23:10:22
52,Maniitsoq,65.4167,-52.9,30.18,92,100,5.01,GL,overcast clouds,2022-04-22 23:10:22
53,Hambantota,6.1241,81.1185,79.7,81,94,7.18,LK,overcast clouds,2022-04-22 23:09:27
54,Luderitz,-26.6481,15.1594,59.72,78,0,16.8,NA,clear sky,2022-04-22 23:10:23
55,Synya,65.3718,58.0387,4.28,98,44,3.33,RU,scattered clouds,2022-04-22 23:10:23
56,Sur,22.5667,59.5289,85.32,42,96,11.56,OM,overcast clouds,2022-04-22 23:10:24
57,Coxim,-18.5067,-54.76,78.13,55,95,5.59,BR,overcast clouds,2022-04-22 23:10:24
58,Thinadhoo,0.5333,72.9333,84.11,75,100,12.48,MV,overcast clouds,2022-04-22 23:10:25
59,Pisco,-13.7,-76.2167,65.01,88,0,16.11,PE,clear sky,2022-04-22 23:10:25
60,Iquitos,-3.7481,-73.2472,77.04,94,40,2.3,PE,scattered clouds,2022-04-22 23:10:25
61,Kruisfontein,-34.0033,24.7314,57.88,83,100,4.94,ZA,overcast clouds,2022-04-22 23:10:26
62,Hobyo,5.3505,48.5268,82.85,75,86,12.03,SO,overcast clouds,2022-04-22 23:10:26
63,Punta Arenas,-53.15,-70.9167,46.51,71,75,6.91,CL,broken clouds,2022-04-22 23:07:29
64,Santa Cruz,-17.8,-63.1667,80.65,74,40,18.41,BO,scattered clouds,2022-04-22 23:10:27
65,Dingle,10.9995,122.6711,79.36,86,42,8.08,PH,scattered clouds,2022-04-22 23:10:27
66,Nizwa,22.9333,57.5333,80.11,29,96,2.66,OM,overcast clouds,2022-04-22 23:10:28
67,Kulhudhuffushi,6.6221,73.07,83.3,72,100,2.3,MV,overcast clouds,2022-04-22 23:10:28
68,Chuy,-33.6971,-53.4616,54.72,95,100,6.02,UY,overcast clouds,2022-04-22 23:10:28
69,Luanda,-8.8368,13.2343,77.25,89,70,6.13,AO,broken clouds,2022-04-22 23:06:43
70,Port-Gentil,-0.7193,8.7815,80.56,83,20,5.75,GA,few clouds,2022-04-22 23:10:29
71,Calvinia,-31.4707,19.776,59.02,67,88,8.14,ZA,overcast clouds,2022-04-22 23:10:29
72,Lyuban,52.7985,28.0048,42.44,98,100,4.9,BY,overcast clouds,2022-04-22 23:10:30
73,Maralal,1.0968,36.698,58.51,93,98,3.56,KE,overcast clouds,2022-04-22 23:10:30
74,Talara,-4.5772,-81.2719,68.94,86,11,13.98,PE,few clouds,2022-04-22 23:10:30
75,Lovozero,68.005,35.0117,30.02,98,100,2.28,RU,overcast clouds,2022-04-22 23:10:31
76,Tsabong,-26.0217,22.401,70.57,52,99,5.68,BW,overcast clouds,2022-04-22 23:10:31
77,Lebu,-37.6167,-73.65,54.9,90,79,8.63,CL,broken clouds,2022-04-22 23:09:00
78,Catanzaro,38.8908,16.5987,58.75,78,38,9.69,IT,scattered clouds,2022-04-22 23:10:32
79,Carnarvon,-24.8667,113.6333,64.47,59,0,8.05,AU,clear sky,2022-04-22 23:10:32
80,Conneaut,41.9476,-80.5542,57.51,54,100,5.59,US,overcast clouds,2022-04-22 23:08:02
81,Souillac,-20.5167,57.5167,75.33,69,80,17.98,MU,broken clouds,2022-04-22 23:10:33
82,Lamin,13.3522,-16.4339,73.51,60,47,8.99,GM,scattered clouds,2022-04-22 23:10:33
83,Sechura,-5.5569,-80.8222,74.52,67,25,18.92,PE,scattered clouds,2022-04-22 23:10:33
84,Azul,-36.777,-59.8585,53.35,64,4,7.09,AR,clear sky,2022-04-22 23:10:34
85,Bambous Virieux,-20.3428,57.7575,76.21,67,93,18.23,MU,overcast clouds,2022-04-22 23:10:00
86,Kifri,34.6959,44.9661,69.28,23,2,7.29,IQ,clear sky,2022-04-22 23:07:16
87,Marzuq,14.4,46.4667,69.69,44,6,5.37,YE,clear sky,2022-04-22 23:10:35
88,Monrovia,6.3005,-10.7969,78.57,87,98,4.56,LR,moderate rain,2022-04-22 23:05:41
89,Bereda,43.2686,-7.5406,46.42,100,100,1.74,ES,overcast clouds,2022-04-22 23:10:35
90,Antsohihy,-14.8796,47.9875,73.45,93,95,2.08,MG,overcast clouds,2022-04-22 23:10:35
91,Oblivskaya,48.5362,42.5014,46.09,88,82,8.77,RU,broken clouds,2022-04-22 23:10:36
92,Kidal,18.4411,1.4078,85.12,12,16,10.92,ML,few clouds,2022-04-22 23:10:36
93,Camacha,33.0833,-16.3333,56.62,82,75,18.41,PT,broken clouds,2022-04-22 23:10:37
94,East London,-33.0153,27.9116,63.91,91,99,10.71,ZA,moderate rain,2022-04-22 23:10:37
95,Antofagasta,-23.65,-70.4,61.88,86,39,6.6,CL,scattered clouds,2022-04-22 23:10:38
96,Husavik,66.0449,-17.3389,42.93,80,43,3.69,IS,scattered clouds,2022-04-22 23:10:38
97,Lizzanello,40.3041,18.2225,58.64,86,82,5.01,IT,broken clouds,2022-04-22 23:10:38
98,Makamba,-4.1348,29.804,63.93,91,100,1.01,BI,light rain,2022-04-22 23:10:39
99,Zavetnoye,47.1194,43.8903,43.93,94,54,12.06,RU,broken clouds,2022-04-22 23:10:39
100,Kontagora,10.3999,5.4695,87.22,44,85,4.65,NG,overcast clouds,2022-04-22 23:10:39
101,Kongolo,-5.3833,27.0,70.99,92,97,3.11,CD,overcast clouds,2022-04-22 23:10:40
102,Castro,-24.7911,-50.0119,60.01,93,8,4.41,BR,clear sky,2022-04-22 23:10:40
103,Phalaborwa,-23.943,31.1411,68.02,77,16,2.75,ZA,few clouds,2022-04-22 23:10:40
104,Tubara,10.8744,-74.9789,79.75,74,72,6.22,CO,broken clouds,2022-04-22 23:10:41
105,Chama,47.1821,8.4636,52.02,87,20,0.0,CH,few clouds,2022-04-22 23:10:41
106,Puerto El Triunfo,13.2833,-88.55,84.97,64,16,7.7,SV,few clouds,2022-04-22 23:10:42
107,Filingue,14.3521,3.3168,92.44,9,17,8.5,NE,few clouds,2022-04-22 23:10:42
108,Toccoa,34.5773,-83.3324,80.24,48,0,0.0,US,clear sky,2022-04-22 23:10:42
109,Cayenne,4.9333,-52.3333,77.09,1,100,3.44,GF,overcast clouds,2022-04-22 23:10:08
110,Coquimbo,-29.9533,-71.3436,56.93,100,20,5.75,CL,few clouds,2022-04-22 23:10:43
111,Kolpashevo,58.3131,82.9089,16.2,81,100,13.02,RU,overcast clouds,2022-04-22 23:10:43
112,Rocha,-34.4833,-54.3333,53.78,91,100,7.54,UY,light rain,2022-04-22 23:10:43
113,Diveyevo,55.0433,43.2418,38.5,80,7,3.0,RU,clear sky,2022-04-22 23:10:44
114,Orlat,45.75,23.9667,56.43,62,40,10.36,RO,scattered clouds,2022-04-22 23:10:44
115,Belmonte,-15.8631,-38.8828,77.14,79,0,6.62,BR,clear sky,2022-04-22 23:10:45
116,Najibabad,29.6333,78.3333,75.79,33,0,4.23,IN,clear sky,2022-04-22 23:10:45
117,Laguna,38.421,-121.4238,68.76,40,20,3.44,US,few clouds,2022-04-22 23:10:46
118,Itarema,-2.9248,-39.9167,77.88,85,92,8.21,BR,light rain,2022-04-22 23:09:05
119,Sant Julia De Loria,42.4625,1.4825,44.33,95,100,3.53,AD,overcast clouds,2022-04-22 23:10:46
120,Spencer,43.1414,-95.1444,69.91,83,100,26.46,US,overcast clouds,2022-04-22 23:10:47
121,Yar-Sale,66.8333,70.8333,-2.65,98,83,7.54,RU,broken clouds,2022-04-22 23:10:47
122,Owensboro,37.7742,-87.1133,82.38,44,0,9.22,US,clear sky,2022-04-22 23:09:28
123,Orda,57.1951,56.9091,32.41,74,42,4.76,RU,scattered clouds,2022-04-22 23:10:47
124,Klaksvik,62.2266,-6.589,41.92,81,89,19.01,FO,overcast clouds,2022-04-22 23:10:48
125,Jacqueville,5.2052,-4.4146,81.09,83,25,10.89,CI,scattered clouds,2022-04-22 23:10:48
126,Arlit,18.7369,7.3853,86.23,10,5,6.78,NE,clear sky,2022-04-22 23:10:49
127,Aktanysh,55.7216,54.0829,33.37,74,30,6.69,RU,scattered clouds,2022-04-22 23:10:49
128,Kincardine,56.0667,-3.7167,48.18,76,8,11.21,GB,clear sky,2022-04-22 23:10:49
129,Talnakh,69.4865,88.3972,4.21,90,100,1.19,RU,overcast clouds,2022-04-22 23:10:50
130,Huarmey,-10.0681,-78.1522,68.23,85,61,8.75,PE,broken clouds,2022-04-22 23:10:50
131,Riviere-Au-Renard,48.9957,-64.3971,40.46,77,52,16.8,CA,broken clouds,2022-04-22 23:10:51
132,Andenes,69.3143,16.1194,37.38,81,100,3.44,NO,overcast clouds,2022-04-22 23:10:51
133,Buraydah,26.326,43.975,77.16,16,100,3.27,SA,overcast clouds,2022-04-22 23:10:52
134,Codrington,-38.2667,141.9667,54.21,71,4,6.64,AU,clear sky,2022-04-22 23:10:52
135,Clarence Town,-32.5833,151.7833,65.8,83,98,1.07,AU,overcast clouds,2022-04-22 23:10:52
136,Matagami,49.7502,-77.6328,27.93,76,12,7.07,CA,few clouds,2022-04-22 23:10:53
137,Springbok,-29.6643,17.8865,55.44,77,59,3.89,ZA,light rain,2022-04-22 23:10:53
138,Santa Rosa,14.3122,121.1114,84.02,70,13,10.42,PH,few clouds,2022-04-22 23:07:40
139,Artyom,40.4723,50.333,55.54,84,21,11.61,AZ,few clouds,2022-04-22 23:10:54
140,Paine,-33.8167,-70.75,72.84,53,54,4.79,CL,broken clouds,2022-04-22 23:10:54
141,Bonthe,7.5264,-12.505,80.37,83,99,5.88,SL,overcast clouds,2022-04-22 23:10:54
142,Puerto Ayacucho,5.6639,-67.6236,80.64,74,67,2.28,VE,broken clouds,2022-04-22 23:10:55
143,Wajid,3.8093,43.2471,76.87,75,70,14.5,SO,broken clouds,2022-04-22 23:10:55
144,Atbasar,51.8,68.3333,33.85,53,1,6.55,KZ,clear sky,2022-04-22 23:10:56
145,Wagar,16.1525,36.2032,86.81,42,17,14.97,SD,few clouds,2022-04-22 23:10:56
146,Volkhov,59.9258,32.3382,36.39,84,79,3.91,RU,broken clouds,2022-04-22 23:10:56
147,Puerto Suarez,-18.95,-57.8,86.41,47,84,3.24,BO,broken clouds,2022-04-22 23:10:57
148,Caravelas,-17.7125,-39.2481,74.5,80,14,5.97,BR,few clouds,2022-04-22 23:10:57
149,Sorland,67.667,12.6934,41.22,75,88,17.65,NO,overcast clouds,2022-04-22 23:10:58
150,Lucea,18.451,-78.1736,78.66,80,76,13.96,JM,broken clouds,2022-04-22 23:10:58
151,Samba,32.5667,75.1167,72.25,35,3,5.97,IN,clear sky,2022-04-22 23:10:58
152,Hualmay,-11.0964,-77.6139,67.75,86,75,7.4,PE,broken clouds,2022-04-22 23:10:59
153,Bubaque,11.2833,-15.8333,76.86,80,80,15.86,GW,broken clouds,2022-04-22 23:10:59
154,Aksu,41.1231,80.2644,62.55,50,90,2.82,CN,overcast clouds,2022-04-22 23:11:00
155,Baijiantan,45.6333,85.1833,57.74,47,96,6.62,CN,overcast clouds,2022-04-22 23:11:00
156,Tasiilaq,65.6145,-37.6368,32.16,92,100,4.34,GL,overcast clouds,2022-04-22 23:09:35
157,Pedasi,7.5333,-80.0333,81.5,73,87,9.69,PA,overcast clouds,2022-04-22 23:11:01
158,Orsk,51.2049,58.5668,42.85,56,97,12.41,RU,overcast clouds,2022-04-22 23:11:01
159,Peniche,39.3558,-9.3811,51.12,82,100,20.65,PT,light rain,2022-04-22 23:11:01
160,Conde,-7.2597,-34.9075,78.26,94,40,5.75,BR,scattered clouds,2022-04-22 23:11:02
161,Sao Filipe,14.8961,-24.4956,73.29,78,1,5.39,CV,clear sky,2022-04-22 23:10:37
162,Narsaq,60.9167,-46.05,44.82,92,100,3.76,GL,overcast clouds,2022-04-22 23:11:02
163,Kuzhener,56.8111,48.9128,29.37,94,18,4.74,RU,few clouds,2022-04-22 23:11:03
164,Rafai,4.95,23.9167,67.24,89,99,0.81,CF,overcast clouds,2022-04-22 23:11:03
165,Riohacha,11.5444,-72.9072,77.92,82,84,4.29,CO,broken clouds,2022-04-22 23:11:04
166,Livingston,55.9029,-3.5226,46.47,86,0,14.97,GB,clear sky,2022-04-22 23:11:04
167,Lagoa,39.05,-27.9833,57.27,67,100,15.26,PT,overcast clouds,2022-04-22 23:11:05
168,Marrakesh,31.6315,-8.0083,59.07,67,40,11.5,MA,scattered clouds,2022-04-22 23:06:31
169,Shihezi,44.3,86.0333,56.89,45,9,5.66,CN,clear sky,2022-04-22 23:11:05
170,Lieksa,63.3167,30.0167,33.03,95,74,5.1,FI,broken clouds,2022-04-22 23:11:06
171,Qaanaaq,77.484,-69.3632,5.5,90,100,4.0,GL,overcast clouds,2022-04-22 23:10:20
172,Ancud,-41.8697,-73.8203,56.23,93,100,28.72,CL,light rain,2022-04-22 23:11:06
173,Beloha,-25.1667,45.05,73.81,76,97,10.74,MG,overcast clouds,2022-04-22 23:11:07
174,Ikom,5.9667,8.7063,77.07,93,100,1.59,NG,overcast clouds,2022-04-22 23:11:07
175,Trairi,-3.2778,-39.2689,77.38,87,51,5.97,BR,broken clouds,2022-04-22 23:11:08
176,Victoria,22.2855,114.1577,78.85,90,10,5.01,HK,clear sky,2022-04-22 23:09:33
177,Mehamn,71.0357,27.8492,35.55,75,75,11.5,NO,broken clouds,2022-04-22 23:11:08
178,Kudahuvadhoo,2.6708,72.8944,82.78,75,100,10.71,MV,moderate rain,2022-04-22 23:11:09
179,Veraval,20.9,70.3667,81.9,56,0,11.1,IN,clear sky,2022-04-22 23:11:09
180,Korla,41.7597,86.1469,62.58,22,14,8.19,CN,few clouds,2022-04-22 23:11:09
181,Damavand,35.7178,52.065,54.5,42,0,4.68,IR,clear sky,2022-04-22 23:11:10
182,Ostrovnoy,68.0531,39.5131,29.01,89,100,12.44,RU,overcast clouds,2022-04-22 23:11:10
183,Nanortalik,60.1432,-45.2371,34.77,99,100,6.55,GL,light snow,2022-04-22 23:09:44
184,Sambava,-14.2667,50.1667,75.47,89,91,6.62,MG,light rain,2022-04-22 23:11:11
185,Saint George,37.1041,-113.5841,56.62,49,40,19.57,US,scattered clouds,2022-04-22 23:10:51
186,Saldanha,-33.0117,17.9442,58.19,74,0,18.54,ZA,clear sky,2022-04-22 23:11:11
187,Labrea,-7.2586,-64.7981,79.21,78,75,3.22,BR,broken clouds,2022-04-22 23:11:11
188,Navirai,-23.065,-54.1906,74.57,59,14,5.57,BR,few clouds,2022-04-22 23:11:12
189,Bathsheba,13.2167,-59.5167,79.41,65,20,14.97,BB,few clouds,2022-04-22 23:11:12
190,Kudymkar,59.0173,54.656,24.75,96,95,2.75,RU,overcast clouds,2022-04-22 23:11:13
191,Scarborough,54.2797,-0.4044,47.34,90,4,3.0,GB,clear sky,2022-04-22 23:11:13
192,Clyde River,70.4692,-68.5914,2.05,86,7,2.46,CA,clear sky,2022-04-22 23:11:13
193,Arenzano,44.4052,8.6832,60.64,89,75,10.36,IT,broken clouds,2022-04-22 23:11:14
194,Kenitra,34.261,-6.5802,59.76,78,39,25.46,MA,light rain,2022-04-22 23:11:14
195,Sehithwa,-20.4667,22.7167,70.03,52,99,4.03,BW,overcast clouds,2022-04-22 23:11:15
196,Tazovskiy,67.4667,78.7,-6.39,100,66,7.54,RU,broken clouds,2022-04-22 23:11:15
197,Groningen,53.25,6.75,53.22,76,75,12.66,NL,broken clouds,2022-04-22 23:11:15
198,Ornskoldsvik,63.2909,18.7153,41.95,70,100,5.75,SE,overcast clouds,2022-04-22 23:11:16
199,Tromso,69.6496,18.957,35.62,75,75,4.61,NO,broken clouds,2022-04-22 23:11:17
200,Ugoofaaru,5.6667,73.0,83.07,72,100,1.59,MV,overcast clouds,2022-04-22 23:11:17
201,Saint Stephen,50.3333,-4.9,54.16,71,75,5.75,GB,broken clouds,2022-04-22 23:11:17
202,Inta,66.0317,60.1659,3.02,95,44,6.69,RU,scattered clouds,2022-04-22 23:11:18
203,Belyy Yar,53.6039,91.3903,28.85,56,0,2.24,RU,clear sky,2022-04-22 23:11:18
204,Usinsk,65.9939,57.5281,6.13,92,9,9.44,RU,clear sky,2022-04-22 23:11:19
205,Balsas,-7.5325,-46.0356,77.47,71,97,3.33,BR,overcast clouds,2022-04-22 23:09:32
206,Torbay,47.6666,-52.7314,40.75,57,100,10.49,CA,overcast clouds,2022-04-22 23:11:19
207,Inhambane,-23.865,35.3833,71.87,79,100,4.83,MZ,overcast clouds,2022-04-22 23:11:19
208,Shahjahanpur,27.8833,79.9167,82.42,20,21,4.36,IN,few clouds,2022-04-22 23:11:20
209,Mogadishu,2.0371,45.3438,82.63,76,55,14.34,SO,broken clouds,2022-04-22 23:11:20
210,Eyl,7.9803,49.8164,81.39,78,62,6.82,SO,broken clouds,2022-04-22 23:11:21
211,Zheleznodorozhnyy,55.7503,38.0042,46.81,88,98,2.59,RU,overcast clouds,2022-04-22 23:11:21
212,San Andres,12.5847,-81.7006,84.22,74,40,10.36,CO,scattered clouds,2022-04-22 23:11:22
213,Gornyy,55.1153,83.9059,24.71,62,100,10.87,RU,overcast clouds,2022-04-22 23:11:22
214,Virginia Beach,36.8529,-75.978,72.03,60,40,8.05,US,scattered clouds,2022-04-22 23:09:10
215,Thompson,55.7435,-97.8558,40.41,69,94,6.49,CA,overcast clouds,2022-04-22 23:08:37
216,Masaurhi,25.3509,85.0342,80.49,22,1,5.06,IN,clear sky,2022-04-22 23:11:23
217,Boralday,43.3578,76.8594,57.06,58,40,2.24,KZ,scattered clouds,2022-04-22 23:11:23
218,San,13.3034,-4.8956,92.23,13,100,8.23,ML,overcast clouds,2022-04-22 23:11:24
219,Macusani,-14.0833,-70.4333,38.75,79,86,2.37,PE,overcast clouds,2022-04-22 23:11:24
220,Mabaruma,8.2,-59.7833,74.48,86,93,4.23,GY,overcast clouds,2022-04-22 23:11:25
221,Chaman,30.9236,66.4512,68.74,18,18,3.8,PK,few clouds,2022-04-22 23:08:21
222,Barinas,8.6226,-70.2075,83.12,60,72,4.21,VE,broken clouds,2022-04-22 23:07:51
223,Karaman,37.0833,33.25,53.56,43,0,3.6,TR,clear sky,2022-04-22 23:11:25
224,Nampula,-15.1165,39.2666,70.09,98,92,9.06,MZ,overcast clouds,2022-04-22 23:11:26
225,Havre-Saint-Pierre,50.2334,-63.5986,33.24,99,99,8.23,CA,overcast clouds,2022-04-22 23:11:26
226,Cabanas,22.9758,-82.9219,78.46,73,30,20.83,CU,scattered clouds,2022-04-22 23:11:27
227,Bandarbeyla,9.4942,50.8122,81.81,78,31,6.53,SO,scattered clouds,2022-04-22 23:11:27
228,Brae,60.3964,-1.353,45.19,79,76,20.45,GB,broken clouds,2022-04-22 23:11:28
229,Chapada Dos Guimaraes,-15.4606,-55.7497,74.86,68,27,4.72,BR,scattered clouds,2022-04-22 23:11:28
230,Butterworth,5.3991,100.3638,82.44,89,40,0.0,MY,scattered clouds,2022-04-22 23:11:28
231,Madoc,44.5084,-77.4745,55.78,53,7,3.2,CA,clear sky,2022-04-22 23:11:29
232,Adrar,20.5022,-10.0711,75.27,17,78,11.32,MR,broken clouds,2022-04-22 23:11:01
233,Vardo,70.3705,31.1107,36.12,97,97,13.0,NO,overcast clouds,2022-04-22 23:11:29
234,Luquillo,18.3725,-65.7166,79.02,79,80,10.54,PR,broken clouds,2022-04-22 23:11:30
235,Westport,41.1415,-73.3579,66.18,29,0,11.5,US,clear sky,2022-04-22 23:07:50
236,Vila Velha,-20.3297,-40.2925,80.55,75,0,11.5,BR,clear sky,2022-04-22 23:11:30
237,Laje,-10.1833,-40.9667,76.41,64,88,8.57,BR,overcast clouds,2022-04-22 23:11:31
238,Rio Grande,-32.035,-52.0986,64.17,96,100,18.63,BR,light rain,2022-04-22 23:11:31
239,Damara,4.9608,18.7035,73.42,87,95,2.42,CF,overcast clouds,2022-04-22 23:11:31
240,Sinnamary,5.3833,-52.95,75.51,91,100,5.91,GF,overcast clouds,2022-04-22 23:11:32
241,Bukama,-9.2,25.85,67.98,96,58,2.17,CD,light rain,2022-04-22 23:11:32
242,Goiatuba,-18.0125,-49.3547,70.38,47,71,3.51,BR,broken clouds,2022-04-22 23:11:33
243,Asfi,32.2994,-9.2372,61.36,80,42,21.92,MA,light rain,2022-04-22 23:11:33
244,Tyulgan,52.3405,56.166,42.57,67,43,11.77,RU,scattered clouds,2022-04-22 23:11:33
245,Middelkerke,51.1558,2.8418,55.18,68,0,13.8,BE,clear sky,2022-04-22 23:11:34
246,Kushmurun,52.4503,64.6311,36.39,46,2,6.62,KZ,clear sky,2022-04-22 23:11:34
247,Garowe,8.4054,48.4845,77.76,70,24,10.31,SO,few clouds,2022-04-22 23:11:02
248,Colombia,20.9881,-77.4297,76.39,75,89,15.93,CU,overcast clouds,2022-04-22 23:11:35
249,Ndioum,16.5129,-14.6471,90.16,14,56,15.3,SN,broken clouds,2022-04-22 23:11:35
250,Dorfen,48.2667,12.15,47.55,92,99,9.64,DE,overcast clouds,2022-04-22 23:11:36
251,Ladario,-19.0047,-57.6017,85.39,47,87,2.73,BR,overcast clouds,2022-04-22 23:11:36
252,Ajdabiya,30.7554,20.2263,67.01,64,95,12.82,LY,overcast clouds,2022-04-22 23:11:36
253,Mmabatho,-25.85,25.6333,61.88,76,96,4.94,ZA,light rain,2022-04-22 23:11:37
254,Celldomolk,47.2571,17.1503,48.65,97,100,8.34,HU,overcast clouds,2022-04-22 23:11:37
255,Nador,35.174,-2.9287,59.25,67,0,3.44,MA,clear sky,2022-04-22 23:11:38
256,Najran,17.4924,44.1277,72.59,22,29,3.2,SA,scattered clouds,2022-04-22 23:11:38
257,Pastavy,55.1168,26.8326,44.8,81,80,9.95,BY,broken clouds,2022-04-22 23:11:38
258,Mwinilunga,-11.7358,24.4293,61.59,95,74,2.91,ZM,broken clouds,2022-04-22 23:11:39
259,Sao Felix Do Xingu,-6.6447,-51.995,73.69,89,86,0.69,BR,overcast clouds,2022-04-22 23:11:39
260,Yerkoy,39.6381,34.4672,55.11,48,3,2.68,TR,clear sky,2022-04-22 23:11:39
261,Praia,14.9215,-23.5087,72.0,79,1,11.34,CV,clear sky,2022-04-22 23:11:40
262,Presidencia Roque Saenz Pena,-26.7852,-60.4388,69.44,92,67,7.43,AR,broken clouds,2022-04-22 23:11:40
263,Banja Koviljaca,44.5144,19.1583,52.12,88,100,4.5,BA,light rain,2022-04-22 23:11:41
264,Pimentel,-6.8367,-79.9342,66.49,82,40,19.57,PE,scattered clouds,2022-04-22 23:11:41
265,Tukrah,32.5341,20.5791,63.54,73,31,7.0,LY,scattered clouds,2022-04-22 23:11:41
266,Leczyca,52.0596,19.1997,41.14,87,8,6.76,PL,clear sky,2022-04-22 23:11:42
267,Manthani,18.65,79.6667,86.4,51,96,9.69,IN,overcast clouds,2022-04-22 23:11:42
268,Maunabo,18.0072,-65.8993,78.62,78,85,10.87,PR,overcast clouds,2022-04-22 23:11:43
269,Emet,39.343,29.2585,56.19,50,43,4.74,TR,scattered clouds,2022-04-22 23:11:43
270,Naples,40.8333,14.25,56.61,90,0,1.14,IT,clear sky,2022-04-22 23:11:43
271,Yantzaza,-3.8278,-78.7594,75.22,75,12,1.36,EC,few clouds,2022-04-22 23:11:44
272,Ordu,40.9086,37.6845,32.5,71,26,5.06,TR,scattered clouds,2022-04-22 23:11:44
273,Sayyan,15.1718,44.3244,60.15,31,87,1.92,YE,overcast clouds,2022-04-22 23:11:45
274,Touros,-5.1989,-35.4608,79.99,80,97,11.14,BR,very heavy rain,2022-04-22 23:11:45
275,Reo,12.3167,-2.4667,94.01,28,11,5.32,BF,few clouds,2022-04-22 23:11:45
276,Xai-Xai,-25.0519,33.6442,68.23,87,100,4.21,MZ,overcast clouds,2022-04-22 23:11:46
277,Pavullo Nel Frignano,44.3315,10.835,48.34,94,34,5.86,IT,scattered clouds,2022-04-22 23:11:46
278,Tabou,4.423,-7.3528,78.96,83,55,6.02,CI,broken clouds,2022-04-22 23:11:47
279,Wilmington Island,32.0036,-80.9737,73.49,60,0,8.05,US,clear sky,2022-04-22 23:11:47
280,George Town,5.4112,100.3354,82.33,89,40,0.0,MY,scattered clouds,2022-04-22 23:08:14
281,Neuquen,-38.9516,-68.0591,58.89,72,0,0.0,AR,clear sky,2022-04-22 23:11:48
282,Vila Franca Do Campo,37.7167,-25.4333,57.61,68,88,6.46,PT,overcast clouds,2022-04-22 23:08:48
283,Rawson,-43.3002,-65.1023,57.58,43,84,9.35,AR,broken clouds,2022-04-22 23:08:48
284,Kurtalan,37.9272,41.7028,58.71,47,3,2.26,TR,clear sky,2022-04-22 23:11:48
285,Verkhnyaya Inta,65.9811,60.3094,3.61,95,45,5.91,RU,scattered clouds,2022-04-22 23:11:49
286,Paamiut,61.994,-49.6678,31.82,90,95,1.61,GL,overcast clouds,2022-04-22 23:11:49
287,Boca Do Acre,-8.7522,-67.3978,75.79,93,100,0.89,BR,overcast clouds,2022-04-22 23:11:49
288,Los Llanos De Aridane,28.6585,-17.9182,60.55,83,75,4.0,ES,broken clouds,2022-04-22 23:11:17
289,Salisbury,51.0693,-1.7957,53.96,61,100,14.65,GB,overcast clouds,2022-04-22 23:07:21
290,Sukhobezvodnoye,57.0491,44.8891,35.44,80,13,4.41,RU,few clouds,2022-04-22 23:11:50
291,Gauribidanur,13.6111,77.5167,76.08,64,71,4.92,IN,broken clouds,2022-04-22 23:11:51
292,Wala,4.578,12.3154,70.56,97,63,0.38,CM,light rain,2022-04-22 23:11:51
293,Bermejo,-32.8833,-68.8,60.4,55,20,4.99,AR,few clouds,2022-04-22 23:11:51
294,Road Town,18.4167,-64.6167,78.89,69,40,8.05,VG,scattered clouds,2022-04-22 23:11:52
295,Boo,59.3333,18.2833,39.97,75,37,6.91,SE,scattered clouds,2022-04-22 23:11:52
296,Templin,53.1186,13.5022,41.09,84,1,6.49,DE,clear sky,2022-04-22 23:11:52
297,Avila,40.5833,-5.0,39.65,99,100,5.39,ES,overcast clouds,2022-04-22 23:11:53
298,Komsomolskiy,40.4272,71.7189,62.87,55,7,2.1,UZ,clear sky,2022-04-22 23:11:53
299,Camaqua,-30.8511,-51.8122,70.16,70,95,5.59,BR,overcast clouds,2022-04-22 23:11:54
300,Tiznit,29.5833,-9.5,55.65,73,56,8.84,MA,broken clouds,2022-04-22 23:10:19
301,Dera Bugti,29.0307,69.151,79.32,19,73,5.41,PK,broken clouds,2022-04-22 23:11:54
302,Nuuk,64.1835,-51.7216,34.41,93,75,6.91,GL,broken clouds,2022-04-22 23:11:55
303,Saint Anthony,45.0205,-93.218,51.85,91,100,23.02,US,mist,2022-04-22 23:11:55
304,Porangatu,-13.4408,-49.1486,76.71,70,100,1.01,BR,overcast clouds,2022-04-22 23:11:55
305,Durazno,-33.4131,-56.5006,50.92,95,100,8.61,UY,light rain,2022-04-22 23:11:56
306,Sisimiut,66.9395,-53.6735,26.4,89,100,6.38,GL,overcast clouds,2022-04-22 23:11:56
307,Usogorsk,63.4106,48.6872,34.88,94,100,4.41,RU,overcast clouds,2022-04-22 23:11:57
308,Ciudad Bolivar,8.1222,-63.5497,90.5,40,68,12.46,VE,broken clouds,2022-04-22 23:11:57
309,Pittsfield,42.4501,-73.2454,56.03,37,0,10.36,US,clear sky,2022-04-22 23:07:31
310,Kathmandu,27.7167,85.3167,61.02,77,20,2.3,NP,few clouds,2022-04-22 23:09:14
311,Udaipura,23.0833,78.5,87.69,24,88,5.32,IN,overcast clouds,2022-04-22 23:11:58
312,Kedougou,12.5579,-12.1743,91.78,12,100,0.51,SN,overcast clouds,2022-04-22 23:11:58
313,Gdansk,54.3521,18.6464,43.16,85,0,3.44,PL,clear sky,2022-04-22 23:11:59
314,Cockburn Town,21.4612,-71.1419,77.67,74,0,19.26,TC,clear sky,2022-04-22 23:11:59
315,Gazli,40.1333,63.45,70.66,38,17,2.08,UZ,few clouds,2022-04-22 23:11:59
316,Folldal,62.1325,9.9968,31.84,88,81,1.19,NO,broken clouds,2022-04-22 23:12:00
317,Takoradi,4.8845,-1.7554,80.76,86,22,10.11,GH,few clouds,2022-04-22 23:12:00
318,Khor,47.8861,134.9464,39.06,87,100,5.37,RU,overcast clouds,2022-04-22 23:12:00
319,Abu Dhabi,24.4667,54.3667,78.91,70,0,2.3,AE,clear sky,2022-04-22 23:12:01
320,Keetmanshoop,-26.5833,18.1333,69.8,35,78,2.62,NA,broken clouds,2022-04-22 23:12:01
321,Develi,38.3906,35.4922,43.95,50,0,2.04,TR,clear sky,2022-04-22 23:12:01
322,Manoel Urbano,-8.8389,-69.2597,76.03,86,60,2.82,BR,broken clouds,2022-04-22 23:12:02
323,Rabo De Peixe,37.8,-25.5833,56.71,54,75,6.91,PT,broken clouds,2022-04-22 23:12:03
324,Monte Alegre,-2.0078,-54.0692,74.03,95,83,2.37,BR,broken clouds,2022-04-22 23:12:03
325,Sunbury,-37.5833,144.7333,55.85,88,0,5.75,AU,clear sky,2022-04-22 23:12:03
326,Yalutorovsk,56.6536,66.3006,25.25,84,25,4.47,RU,scattered clouds,2022-04-22 23:12:04
327,Chingirlau,51.095,54.0814,46.42,91,98,12.3,KZ,overcast clouds,2022-04-22 23:12:04
328,Kasongo-Lunda,-6.4667,16.8167,69.8,99,100,0.85,CD,moderate rain,2022-04-22 23:12:04
329,Makat,47.6469,53.3463,55.94,71,18,4.97,KZ,few clouds,2022-04-22 23:12:05
330,Mapiripan,2.8892,-72.1256,74.5,89,100,3.89,CO,overcast clouds,2022-04-22 23:12:05
331,Kalmunai,7.4167,81.8167,77.83,86,82,6.15,LK,broken clouds,2022-04-22 23:12:06
332,Dalvik,65.9702,-18.5286,45.55,71,90,3.06,IS,overcast clouds,2022-04-22 23:12:06
333,Vestmannaeyjar,63.4427,-20.2734,46.35,85,69,13.91,IS,broken clouds,2022-04-22 23:12:07
334,Moba,33.2288,105.0179,50.2,76,0,1.97,CN,clear sky,2022-04-22 23:12:07
335,Algiers,36.7525,3.042,55.22,82,0,3.44,DZ,clear sky,2022-04-22 23:07:26
336,Keuruu,62.2667,24.7,41.18,90,38,7.9,FI,scattered clouds,2022-04-22 23:12:08
337,Douala,4.0483,9.7043,78.49,88,90,1.97,CM,light rain,2022-04-22 23:12:08
338,Harper,4.375,-7.7169,78.82,83,40,5.08,LR,scattered clouds,2022-04-22 23:12:09
339,Alta Floresta,-9.8756,-56.0861,72.66,95,78,2.91,BR,broken clouds,2022-04-22 23:12:09
340,Puri,19.8,85.85,81.03,90,4,18.97,IN,clear sky,2022-04-22 23:12:10
341,Sabaudia,41.3003,13.0282,54.91,97,79,3.74,IT,broken clouds,2022-04-22 23:12:10
342,Male,4.1748,73.5089,82.6,76,100,10.45,MV,overcast clouds,2022-04-22 23:12:10
343,Fontenay-Le-Comte,46.5833,-1.0,55.04,88,100,7.49,FR,overcast clouds,2022-04-22 23:12:11
344,Palatca,46.85,23.9833,52.59,91,100,3.44,RO,light rain,2022-04-22 23:12:11
345,Lerwick,60.1545,-1.1494,44.6,81,76,20.15,GB,broken clouds,2022-04-22 23:12:12
346,Tazmalt,36.3868,4.3989,60.42,41,7,8.79,DZ,clear sky,2022-04-22 23:12:12
347,Jaipur,26.9167,75.8167,85.32,25,5,3.44,IN,haze,2022-04-22 23:12:13
348,Garhi Khairo,28.0606,67.9803,82.8,13,6,4.54,PK,clear sky,2022-04-22 23:12:13
349,Butler,39.4501,-84.5666,76.21,43,0,8.05,US,clear sky,2022-04-22 23:12:13
350,Areka,7.0667,37.7,63.43,85,99,1.95,ET,overcast clouds,2022-04-22 23:12:14
351,Kamenka,51.3223,42.7678,43.14,94,85,7.2,RU,overcast clouds,2022-04-22 23:12:14
352,Taywarah,33.35,64.4167,48.11,36,82,0.78,AF,broken clouds,2022-04-22 23:12:15
353,Bol,13.4586,14.7147,83.79,41,12,10.2,TD,few clouds,2022-04-22 23:12:15
354,Henties Bay,-22.116,14.2845,61.72,87,2,5.57,NA,clear sky,2022-04-22 23:10:17
355,Kashmor,28.4333,69.5833,82.96,14,23,5.3,PK,few clouds,2022-04-22 23:12:16
356,Namibe,-15.1961,12.1522,72.79,80,45,3.51,AO,scattered clouds,2022-04-22 23:12:16
357,Aksarka,66.5606,67.7975,-4.2,98,100,3.29,RU,overcast clouds,2022-04-22 23:12:17
358,Valdivia,-39.8142,-73.2459,55.49,95,100,8.3,CL,overcast clouds,2022-04-22 23:12:17
359,Darlowo,54.421,16.4107,42.8,82,3,9.57,PL,clear sky,2022-04-22 23:12:17
360,Farafangana,-22.8167,47.8333,73.87,92,99,5.61,MG,moderate rain,2022-04-22 23:12:18
361,Sakakah,29.9697,40.2064,72.32,14,70,15.7,SA,broken clouds,2022-04-22 23:12:18
362,Goderich,43.7501,-81.7165,42.91,77,100,5.99,CA,overcast clouds,2022-04-22 23:12:19
363,Muros,42.7762,-9.0603,51.15,91,100,5.26,ES,overcast clouds,2022-04-22 23:12:19
364,Tabuk,17.4189,121.4443,76.24,85,7,4.5,PH,clear sky,2022-04-22 23:12:20
365,Sabzevar,36.2126,57.6819,65.26,58,71,3.69,IR,broken clouds,2022-04-22 23:12:20
366,Tucuman,-26.8241,-65.2226,64.4,88,75,11.5,AR,broken clouds,2022-04-22 23:10:12
367,Hohoe,7.1518,0.4736,75.51,93,72,5.14,GH,broken clouds,2022-04-22 23:12:21
368,Muzhi,65.3667,64.6667,-1.37,98,100,1.52,RU,overcast clouds,2022-04-22 23:12:21
369,Progreso,21.2833,-89.6667,87.91,69,0,22.03,MX,clear sky,2022-04-22 23:12:21
370,Rosetta,31.4044,30.4164,60.51,78,64,7.9,EG,broken clouds,2022-04-22 23:10:30
371,Pimenta Bueno,-11.6725,-61.1936,74.66,96,62,3.36,BR,broken clouds,2022-04-22 23:12:22
372,Shieli,44.1667,66.75,68.99,40,86,6.46,KZ,overcast clouds,2022-04-22 23:12:22
373,Enger,52.1333,8.5667,53.31,75,33,10.0,DE,scattered clouds,2022-04-22 23:12:23
374,Shentala,54.45,51.4833,36.37,68,8,7.29,RU,clear sky,2022-04-22 23:12:23
375,Minab,27.1467,57.0801,78.22,48,67,4.25,IR,broken clouds,2022-04-22 23:12:23
376,Soyo,-6.1349,12.3689,78.51,90,36,3.74,AO,light rain,2022-04-22 23:12:24
377,Saint-Augustin,51.226,-58.6502,33.15,100,100,4.54,CA,light snow,2022-04-22 23:12:24
378,Changuinola,9.4333,-82.5167,79.36,83,54,5.37,PA,broken clouds,2022-04-22 23:12:25
379,Rio Do Sul,-27.2142,-49.6431,67.39,98,100,1.72,BR,very heavy rain,2022-04-22 23:10:28
380,Dzilam Gonzalez,21.2833,-88.9333,84.24,50,11,13.58,MX,few clouds,2022-04-22 23:12:25
381,Locri,38.2414,16.2623,55.31,78,37,11.01,IT,scattered clouds,2022-04-22 23:12:25
382,Zhanaozen,43.3,52.8,57.25,54,61,9.26,KZ,broken clouds,2022-04-22 23:12:26
383,Rio Gallegos,-51.6226,-69.2181,46.45,66,0,17.27,AR,clear sky,2022-04-22 23:12:26
384,Tres Lagoas,-20.7511,-51.6783,75.63,45,2,6.38,BR,clear sky,2022-04-22 23:12:27
385,Tyukhtet,56.5389,89.3011,20.73,76,86,11.77,RU,overcast clouds,2022-04-22 23:12:27
386,Morlaix,48.5833,-4.0,51.96,88,89,11.5,FR,overcast clouds,2022-04-22 23:12:27
387,Musoma,-1.5,33.8,68.25,89,93,6.87,TZ,light rain,2022-04-22 23:12:28
388,Sherbakul,54.6316,72.3963,29.25,76,93,7.27,RU,overcast clouds,2022-04-22 23:12:28
389,Zaraza,9.3503,-65.3245,81.16,60,95,11.23,VE,overcast clouds,2022-04-22 23:12:29
390,Sarmanovo,55.2553,52.5891,34.48,76,13,6.91,RU,few clouds,2022-04-22 23:12:29
391,Salo,45.6086,10.531,56.86,91,100,1.28,IT,overcast clouds,2022-04-22 23:12:30
392,Plettenberg Bay,-34.0527,23.3716,59.94,79,99,2.77,ZA,overcast clouds,2022-04-22 23:12:30
393,Sokoni,-6.4333,39.55,81.75,74,83,5.91,TZ,light rain,2022-04-22 23:12:30
394,Paramonga,-10.6667,-77.8333,67.64,88,64,6.44,PE,broken clouds,2022-04-22 23:12:31
395,Diffa,13.3154,12.6113,88.5,12,43,4.63,NE,scattered clouds,2022-04-22 23:12:31
396,Luena,-11.7833,19.9167,58.23,80,80,2.68,AO,broken clouds,2022-04-22 23:12:32
397,Waddan,29.1614,16.139,68.72,28,6,11.45,LY,clear sky,2022-04-22 23:12:32
398,Bartica,6.4,-58.6167,77.32,97,98,3.65,GY,overcast clouds,2022-04-22 23:12:32
399,Marawi,7.9986,124.2928,71.29,88,67,1.23,PH,broken clouds,2022-04-22 23:11:53
400,Duki,30.1541,68.5728,70.27,21,5,5.61,PK,clear sky,2022-04-22 23:12:33
401,Saint-Louis,16.3333,-15.0,88.27,15,58,14.47,SN,broken clouds,2022-04-22 23:12:33
402,Baracoa,20.3467,-74.4958,75.78,83,44,11.03,CU,scattered clouds,2022-04-22 23:12:34
403,Gat,31.61,34.7642,76.41,100,96,2.62,IL,overcast clouds,2022-04-22 23:12:34
404,Adre,13.4667,22.2,83.98,17,19,6.69,TD,few clouds,2022-04-22 23:12:35
405,Niamey,13.5137,2.1098,92.39,10,17,8.99,NE,few clouds,2022-04-22 23:12:35
406,Diego De Almagro,-26.3667,-70.05,64.94,47,4,4.59,CL,clear sky,2022-04-22 23:12:35
407,Nova Olimpia,-14.7972,-57.2881,78.44,72,19,5.41,BR,few clouds,2022-04-22 23:12:36
408,El Vigia,8.6219,-71.6506,77.52,88,80,1.01,VE,broken clouds,2022-04-22 23:12:36
409,Nioro,13.35,-15.75,81.61,47,34,10.74,GM,scattered clouds,2022-04-22 23:12:37
410,Vero Beach,27.6386,-80.3973,76.05,66,75,13.8,US,broken clouds,2022-04-22 23:08:11
411,Kattivakkam,13.2167,80.3167,85.06,84,70,6.98,IN,light rain,2022-04-22 23:12:37
412,Calvia,39.5657,2.5062,59.47,76,36,14.88,ES,scattered clouds,2022-04-22 23:12:38
413,Comodoro Rivadavia,-45.8667,-67.5,49.86,66,0,6.91,AR,clear sky,2022-04-22 23:10:58
414,Pedernales,18.0384,-71.744,79.38,73,96,4.12,DO,overcast clouds,2022-04-22 23:12:38
415,Rafaela,-31.2503,-61.4867,53.98,70,52,3.0,AR,broken clouds,2022-04-22 23:08:07
416,Fagersta,60.0042,15.7932,38.98,67,19,8.46,SE,few clouds,2022-04-22 23:12:39
417,Mumford,5.2618,-0.759,80.89,85,40,9.71,GH,scattered clouds,2022-04-22 23:12:39
418,Reading,51.4562,-0.9711,52.02,68,100,4.0,GB,overcast clouds,2022-04-22 23:08:07
419,Grindavik,63.8424,-22.4338,45.07,87,100,11.5,IS,overcast clouds,2022-04-22 23:12:40
420,Nara,34.6851,135.8049,68.97,64,99,5.08,JP,overcast clouds,2022-04-22 23:12:40
421,Reidsville,36.3549,-79.6645,79.93,34,0,3.44,US,clear sky,2022-04-22 23:11:41
422,Shache,38.4167,77.2406,71.71,33,100,4.29,CN,overcast clouds,2022-04-22 23:12:40
423,Vilhena,-12.7406,-60.1458,70.12,96,94,3.78,BR,overcast clouds,2022-04-22 23:12:41
424,Panipat,29.3889,76.9681,77.5,30,0,6.04,IN,clear sky,2022-04-22 23:12:41
425,Pozo Colorado,-23.4923,-58.7972,81.68,54,73,5.32,PY,broken clouds,2022-04-22 23:12:42
426,Deer Lake,49.1667,-57.4316,37.53,96,100,6.4,CA,overcast clouds,2022-04-22 23:12:42
427,Chistogorskiy,53.9835,87.3843,25.29,57,98,6.73,RU,overcast clouds,2022-04-22 23:12:43
428,Cap Malheureux,-19.9842,57.6142,76.46,71,73,7.0,MU,broken clouds,2022-04-22 23:12:43
429,Pitsunda,43.1592,40.3378,48.38,65,68,6.13,GE,broken clouds,2022-04-22 23:12:43
430,Bajil,15.0584,43.2851,87.35,43,77,6.02,YE,broken clouds,2022-04-22 23:12:44
431,Bay Roberts,47.5999,-53.2648,41.5,63,100,1.99,CA,overcast clouds,2022-04-22 23:12:44
432,Matara,5.9485,80.5353,77.97,86,100,3.65,LK,overcast clouds,2022-04-22 23:12:45
433,Kaputa,-8.4689,29.6619,69.48,85,86,0.58,ZM,overcast clouds,2022-04-22 23:12:45
434,Viedma,-40.8135,-62.9967,50.67,60,25,3.38,AR,scattered clouds,2022-04-22 23:12:45
435,Naryan-Mar,67.6713,53.087,-1.8,94,8,7.7,RU,clear sky,2022-04-22 23:12:19
436,Banda Aceh,5.5577,95.3222,79.92,82,55,5.95,ID,broken clouds,2022-04-22 23:12:46
437,Toktogul,41.8708,72.9402,57.18,72,36,0.92,KG,scattered clouds,2022-04-22 23:12:46
438,Nalut,30.3333,10.85,63.46,22,0,8.9,LY,clear sky,2022-04-22 23:12:47
439,Cordoba,-31.4135,-64.1811,59.76,74,0,5.75,AR,clear sky,2022-04-22 23:12:45
440,Quatre Cocos,-20.2078,57.7625,76.08,68,97,18.59,MU,overcast clouds,2022-04-22 23:12:47
441,San Cristobal,7.7669,-72.225,73.58,84,59,3.67,VE,broken clouds,2022-04-22 23:12:48
442,Krasnoselkup,65.7,82.4667,2.48,99,89,10.49,RU,overcast clouds,2022-04-22 23:12:48
443,Bimbo,4.2567,18.4158,73.72,86,64,0.29,CF,broken clouds,2022-04-22 23:12:49
444,Alappuzha,9.49,76.3264,79.09,83,89,4.97,IN,moderate rain,2022-04-22 23:12:49
445,Lokoja,7.8024,6.743,79.05,79,93,7.09,NG,overcast clouds,2022-04-22 23:12:49
446,Patacamaya,-17.2333,-67.9167,52.92,35,21,6.04,BO,few clouds,2022-04-22 23:11:13
447,Bainbridge,47.6262,-122.5212,62.83,59,40,3.0,US,scattered clouds,2022-04-22 23:12:50
448,Nonantola,44.6761,11.0321,52.83,95,31,4.38,IT,scattered clouds,2022-04-22 23:12:50
449,Kavaratti,10.5669,72.642,83.95,72,99,3.67,IN,overcast clouds,2022-04-22 23:09:14
450,Hornepayne,49.2138,-84.7705,37.78,77,100,4.29,CA,overcast clouds,2022-04-22 23:12:51
451,Mezhdurechensk,53.6942,88.0603,25.72,93,100,3.24,RU,light snow,2022-04-22 23:12:42
452,Perieti,44.4,24.55,50.58,93,79,10.2,RO,broken clouds,2022-04-22 23:12:51
453,Yarmouth,41.7057,-70.2286,57.34,54,0,11.5,US,clear sky,2022-04-22 23:12:52
454,Humaita,-7.5061,-63.0208,78.62,83,98,2.53,BR,overcast clouds,2022-04-22 23:12:52
455,Bahia Blanca,-38.7196,-62.2724,54.05,52,9,3.98,AR,clear sky,2022-04-22 23:07:59
456,Salaga,8.5508,-0.5188,84.43,53,47,8.16,GH,scattered clouds,2022-04-22 23:12:53
457,Faya,18.3851,42.4509,61.32,44,97,5.93,SA,overcast clouds,2022-04-22 23:12:53
458,Imbituba,-28.24,-48.6703,69.87,85,100,6.6,BR,moderate rain,2022-04-22 23:09:53
459,Aksay,47.26,39.87,48.25,91,29,8.01,RU,scattered clouds,2022-04-22 23:12:53
460,Kabare,-2.4683,28.8242,62.49,97,100,1.01,CD,light rain,2022-04-22 23:12:54
461,Minudasht,37.2289,55.3747,57.63,89,97,0.49,IR,overcast clouds,2022-04-22 23:12:54
462,Benoy,8.9833,16.3199,86.27,44,99,10.51,TD,overcast clouds,2022-04-22 23:12:55
463,Nikolskoye,59.7035,30.7861,43.81,79,90,4.16,RU,overcast clouds,2022-04-22 23:09:23
464,Awjilah,29.1081,21.2869,77.36,11,93,11.07,LY,overcast clouds,2022-04-22 23:12:55
465,Dinar,38.065,30.1656,53.56,46,14,3.31,TR,few clouds,2022-04-22 23:12:56
466,Teguise,29.0605,-13.564,61.02,68,20,6.91,ES,few clouds,2022-04-22 23:12:56
467,Florianopolis,-27.6146,-48.5012,73.35,85,75,8.05,BR,moderate rain,2022-04-22 23:12:56
468,Oktyabrskoye,43.0645,44.7417,46.54,93,99,2.24,RU,overcast clouds,2022-04-22 23:12:57
469,Havoysund,70.9963,24.6622,34.03,76,100,15.21,NO,overcast clouds,2022-04-22 23:12:57
470,Lalgudi,10.8667,78.8333,81.84,76,96,3.22,IN,overcast clouds,2022-04-22 23:12:58
471,Bonga,7.2833,36.2333,58.35,98,100,2.48,ET,overcast clouds,2022-04-22 23:12:58
472,Urubicha,-15.3833,-62.95,77.81,73,95,2.62,BO,overcast clouds,2022-04-22 23:12:59
473,Surgut,61.25,73.4167,14.18,85,75,11.18,RU,light shower snow,2022-04-22 23:12:59
474,Kapoeta,4.7717,33.5903,75.76,73,99,3.69,SS,overcast clouds,2022-04-22 23:12:59
475,Isabela,6.7085,121.9711,80.96,80,98,2.59,PH,overcast clouds,2022-04-22 23:08:16
476,Raudeberg,61.9875,5.1352,50.67,82,67,13.29,NO,broken clouds,2022-04-22 23:13:00
477,Vilcun,-38.65,-72.2333,52.54,95,99,7.83,CL,overcast clouds,2022-04-22 23:13:00
478,Tamasane,-22.4184,27.4013,64.31,77,60,4.74,BW,broken clouds,2022-04-22 23:11:18
479,Utiel,39.5667,-1.2,49.33,80,94,2.44,ES,overcast clouds,2022-04-22 23:13:01
480,Trinidad,-14.8333,-64.9,82.38,83,75,4.61,BO,broken clouds,2022-04-22 23:13:01
481,La Asuncion,11.0333,-63.8628,77.11,81,100,12.77,VE,overcast clouds,2022-04-22 23:13:01
482,Walvis Bay,-22.9575,14.5053,59.09,79,0,9.69,NA,clear sky,2022-04-22 23:13:02
483,Osakarovka,50.565,72.5692,31.42,56,20,7.25,KZ,few clouds,2022-04-22 23:13:02
484,Kembe,4.6228,21.8865,68.88,92,90,1.01,CF,overcast clouds,2022-04-22 23:11:20
485,El Alto,-4.2714,-81.2147,68.85,79,20,12.91,PE,few clouds,2022-04-22 23:13:03
486,Sioux Lookout,50.1001,-91.917,33.87,93,100,8.05,CA,mist,2022-04-22 23:13:03
487,Mocuba,-16.8392,36.9856,70.86,99,71,3.98,MZ,light rain,2022-04-22 23:13:04
488,Pangody,65.85,74.4859,-2.07,99,90,8.68,RU,overcast clouds,2022-04-22 23:13:04
489,Fenoarivo,-18.933,47.4354,61.43,93,100,5.35,MG,overcast clouds,2022-04-22 23:13:04
490,Bereznik,62.8551,42.7072,35.37,95,100,6.76,RU,overcast clouds,2022-04-22 23:13:05
491,Turayf,31.6725,38.6637,70.18,15,99,17.36,SA,overcast clouds,2022-04-22 23:13:05
492,Zyryanovsk,49.7386,84.2719,33.66,80,70,1.97,KZ,broken clouds,2022-04-22 23:13:06
493,Kutum,14.2,24.6667,77.52,15,26,8.01,SD,scattered clouds,2022-04-22 23:13:06
494,Shetpe,44.1667,52.1167,52.9,71,36,6.8,KZ,scattered clouds,2022-04-22 23:13:07
495,Albanel,48.8832,-72.4487,32.22,67,67,12.57,CA,broken clouds,2022-04-22 23:13:07
496,San Juan,-31.5375,-68.5364,65.23,44,10,9.42,AR,clear sky,2022-04-22 23:13:07
497,Ponta Delgada,37.7333,-25.6667,57.92,54,75,6.91,PT,broken clouds,2022-04-22 23:13:08
498,Lykhivka,48.6874,33.9228,44.67,84,90,8.23,UA,overcast clouds,2022-04-22 23:13:08
499,Sidi Ali,36.0998,0.4206,57.22,62,33,6.51,DZ,scattered clouds,2022-04-22 23:13:09
500,Banepa,27.6298,85.5214,59.32,77,20,2.3,NP,few clouds,2022-04-22 23:13:09
501,Praia Da Vitoria,38.7333,-27.0667,56.75,80,84,10.16,PT,broken clouds,2022-04-22 23:13:09
502,Cadiz,36.5,-5.75,53.74,93,100,13.82,ES,light rain,2022-04-22 23:13:10
503,Dehloran,32.6941,47.2679,76.1,11,28,4.0,IR,scattered clouds,2022-04-22 23:13:10
504,Mahajanga,-15.7167,46.3167,75.22,100,40,4.61,MG,thunderstorm with light rain,2022-04-22 23:13:11
505,Bealanana,-14.55,48.7333,64.67,97,100,3.13,MG,overcast clouds,2022-04-22 23:13:11
506,Oromocto,45.8351,-66.4792,48.7,52,46,8.99,CA,scattered clouds,2022-04-22 23:09:14
507,Coihaique,-45.5752,-72.0662,44.55,93,100,5.75,CL,moderate rain,2022-04-22 23:13:12
508,Morondava,-20.2833,44.2833,75.47,89,98,0.6,MG,moderate rain,2022-04-22 23:13:12
509,Vysha,53.8477,42.3777,39.54,80,42,3.8,RU,scattered clouds,2022-04-22 23:13:13
510,Muravlenko,63.7898,74.523,0.19,97,88,11.32,RU,overcast clouds,2022-04-22 23:13:13
511,Zdvinsk,54.7021,78.661,26.89,57,19,6.89,RU,few clouds,2022-04-22 23:13:13
512,Kozhva,65.1073,57.0459,8.56,96,47,3.2,RU,scattered clouds,2022-04-22 23:13:14
513,Gritsovskiy,54.1376,38.1604,43.84,91,100,2.71,RU,overcast clouds,2022-04-22 23:13:14
514,Carauari,-4.8828,-66.8958,74.82,96,91,2.26,BR,overcast clouds,2022-04-22 23:13:15
515,Bonavista,48.6499,-53.1147,35.89,76,100,15.32,CA,overcast clouds,2022-04-22 23:13:15
516,Koslan,63.4564,48.8989,34.21,94,100,4.47,RU,overcast clouds,2022-04-22 23:13:16
517,Parlakimidi,18.7667,84.0833,78.31,90,3,1.72,IN,clear sky,2022-04-22 23:13:16
518,Havelock,34.8791,-76.9013,71.98,70,88,4.0,US,overcast clouds,2022-04-22 23:13:16
519,Mjolby,58.326,15.1237,44.31,85,4,5.53,SE,clear sky,2022-04-22 23:13:17
520,Santa Vitoria Do Palmar,-33.5189,-53.3681,55.31,94,100,4.88,BR,light rain,2022-04-22 23:13:17
521,Morant Bay,17.8815,-76.4093,78.42,80,36,11.12,JM,scattered clouds,2022-04-22 23:13:18
522,Mahibadhoo,3.7833,72.9667,82.74,75,100,12.82,MV,overcast clouds,2022-04-22 23:13:18
523,Albany,42.6001,-73.9662,55.89,52,10,8.88,US,clear sky,2022-04-22 23:08:39
524,Leshukonskoye,64.8989,45.7622,34.5,99,100,4.29,RU,snow,2022-04-22 23:13:19
525,Yuzhnyy,53.2542,83.6936,26.98,54,75,11.18,RU,broken clouds,2022-04-22 23:13:19
526,Skibbereen,51.55,-9.2667,56.1,65,100,18.95,IE,overcast clouds,2022-04-22 23:13:20
527,Porto Walter,-8.2686,-72.7439,77.2,88,72,2.51,BR,broken clouds,2022-04-22 23:11:17
528,Apomu,7.3333,4.1833,74.75,96,100,2.75,NG,light rain,2022-04-22 23:13:20
529,Darnah,32.767,22.6367,70.3,48,100,15.7,LY,overcast clouds,2022-04-22 23:13:21
530,Taltal,-25.4,-70.4833,63.64,85,24,6.02,CL,few clouds,2022-04-22 23:13:21
531,Zonguldak,41.25,31.8333,52.02,67,10,6.8,TR,clear sky,2022-04-22 23:13:21
532,Ereymentau,51.6199,73.1033,31.08,54,0,3.15,KZ,clear sky,2022-04-22 23:13:22
533,Olafsvik,64.8945,-23.7142,45.3,86,95,8.08,IS,overcast clouds,2022-04-22 23:13:22
534,Mazagao,-0.115,-51.2894,80.65,98,100,2.82,BR,moderate rain,2022-04-22 23:13:23
535,Korem,12.5058,39.5228,58.24,64,98,2.71,ET,light rain,2022-04-22 23:13:23
536,Adeje,28.1227,-16.726,63.48,69,20,5.75,ES,few clouds,2022-04-22 23:13:23
537,Kyzyl-Suu,42.3414,78.0056,47.79,79,95,3.89,KG,overcast clouds,2022-04-22 23:13:24
538,Santa Isabel Do Rio Negro,-0.4139,-65.0192,75.34,97,93,0.38,BR,overcast clouds,2022-04-22 23:13:24
539,Miraflores,19.2167,-98.8083,75.87,37,77,4.21,MX,broken clouds,2022-04-22 23:13:25
540,Ribeirao,-8.5144,-35.3778,74.44,93,43,2.19,BR,scattered clouds,2022-04-22 23:13:25
541,Kargopol,61.5071,38.9456,35.33,90,70,7.09,RU,broken clouds,2022-04-22 23:13:25
542,Saint-Francois,46.4154,3.9054,54.84,76,0,3.44,FR,clear sky,2022-04-22 23:11:23
543,Mayumba,-3.432,10.6554,77.32,91,100,2.37,GA,light rain,2022-04-22 23:13:26
544,Santa Elena,-2.2333,-80.85,74.75,83,20,11.5,EC,few clouds,2022-04-22 23:13:26
545,Cururupu,-1.8283,-44.8683,75.42,92,100,2.66,BR,overcast clouds,2022-04-22 23:13:27
546,Apatity,67.5641,33.4031,33.33,99,97,6.73,RU,overcast clouds,2022-04-22 23:13:27
547,Riyadh,24.6877,46.7219,73.54,14,80,5.17,SA,broken clouds,2022-04-22 23:12:16
548,Geraldton,-28.7667,114.6,66.61,45,0,18.41,AU,clear sky,2022-04-22 23:13:28
549,Miami Beach,25.7906,-80.1301,79.02,72,75,17.27,US,broken clouds,2022-04-22 23:13:20
550,Anloga,5.7947,0.8973,82.09,81,38,9.78,GH,scattered clouds,2022-04-22 23:13:28
551,Pokhara,28.2333,83.9833,66.78,50,0,7.52,NP,clear sky,2022-04-22 23:13:29
552,Abja-Paluoja,58.1253,25.3497,44.28,81,62,4.38,EE,broken clouds,2022-04-22 23:13:29
553,Leo,11.1,-2.1,89.87,39,61,3.38,BF,light rain,2022-04-22 23:13:29
554,Unai,-16.3575,-46.9061,74.12,46,99,1.66,BR,overcast clouds,2022-04-22 23:13:30
555,The Valley,18.217,-63.0578,78.94,69,20,10.36,AI,few clouds,2022-04-22 23:11:27
556,Mormugao,15.4,73.8,81.57,82,61,4.41,IN,broken clouds,2022-04-22 23:13:30
557,Kristiansund,63.1115,7.732,44.65,81,98,11.5,NO,overcast clouds,2022-04-22 23:13:31
558,Akhisar,38.9185,27.8401,61.09,62,76,1.54,TR,broken clouds,2022-04-22 23:13:31
559,Gravdal,68.1214,13.5031,39.67,72,83,11.9,NO,broken clouds,2022-04-22 23:13:31
560,Igarka,67.4667,86.5833,11.21,96,99,8.59,RU,overcast clouds,2022-04-22 23:13:32
561,Ceuta,35.8903,-5.3075,58.69,86,91,31.34,ES,overcast clouds,2022-04-22 23:13:32
562,Youghal,51.95,-7.8506,54.09,78,94,17.98,IE,overcast clouds,2022-04-22 23:13:33
563,Sao Paulo De Olivenca,-3.3783,-68.8725,74.48,97,39,2.08,BR,scattered clouds,2022-04-22 23:13:33
564,Khangah Dogran,31.8317,73.6231,74.91,29,0,5.19,PK,clear sky,2022-04-22 23:13:33
565,Maracacume,-2.0428,-45.9592,74.08,96,100,2.89,BR,overcast clouds,2022-04-22 23:13:34
566,Moville,42.4889,-96.0725,84.16,68,73,24.63,US,broken clouds,2022-04-22 23:13:34
567,Warrington,53.3925,-2.5802,47.86,77,0,13.8,GB,clear sky,2022-04-22 23:10:34
568,Kuzedeyevo,53.3308,87.2019,28.4,73,100,4.23,RU,overcast clouds,2022-04-22 23:13:35
569,Rosario,-32.9468,-60.6393,54.95,88,0,4.61,AR,clear sky,2022-04-22 23:11:16
570,Uch,45.3192,-0.9345,54.59,78,100,2.57,FR,overcast clouds,2022-04-22 23:13:35
571,Ust-Tsilma,65.441,52.1498,26.37,95,98,8.1,RU,light snow,2022-04-22 23:11:36
572,Verrettes,19.05,-72.4667,76.82,80,81,3.89,HT,broken clouds,2022-04-22 23:13:36
573,San Rafael,-34.6177,-68.3301,58.35,62,34,10.51,AR,scattered clouds,2022-04-22 23:13:36
574,Agadez,19.75,10.25,84.88,11,1,5.73,NE,clear sky,2022-04-22 23:13:36
575,Esna,25.2934,32.554,74.61,15,65,9.89,EG,broken clouds,2022-04-22 23:13:37
576,Sao Joao Da Barra,-21.6403,-41.0511,76.28,87,0,11.83,BR,clear sky,2022-04-22 23:13:37
577,Odweyne,9.4092,45.064,73.69,56,58,5.61,SO,broken clouds,2022-04-22 23:13:38
578,Buchanan,5.8808,-10.0467,78.49,85,99,2.37,LR,light rain,2022-04-22 23:13:38
579,Atasu,48.6814,71.6433,47.05,60,100,8.14,KZ,overcast clouds,2022-04-22 23:13:38
580,Shar,49.5886,81.0453,37.98,49,100,3.11,KZ,overcast clouds,2022-04-22 23:13:39
581,Knysna,-34.0363,23.0471,59.85,84,99,2.55,ZA,overcast clouds,2022-04-22 23:13:39
582,Eirunepe,-6.6603,-69.8736,75.04,92,28,2.95,BR,scattered clouds,2022-04-22 23:13:40
583,Khudumelapye,-23.8833,24.75,65.61,65,91,5.01,BW,overcast clouds,2022-04-22 23:11:19
584,Djambala,-2.5447,14.7533,70.79,90,97,3.58,CG,overcast clouds,2022-04-22 23:13:40
585,Caudry,50.1249,3.4119,50.83,71,85,9.48,FR,overcast clouds,2022-04-22 23:13:41
586,Talavera,15.6167,120.9333,79.99,72,1,3.6,PH,clear sky,2022-04-22 23:13:41
587,Marsabit,2.3284,37.9899,65.84,85,95,8.28,KE,light rain,2022-04-22 23:13:42
588,Kibala,9.1104,18.3463,79.56,64,71,5.06,TD,broken clouds,2022-04-22 23:13:42
589,Theodoriana,39.4356,21.21,49.68,89,0,2.59,GR,clear sky,2022-04-22 23:13:43
590,Brejo Santo,-7.4933,-38.9872,78.55,59,87,2.77,BR,overcast clouds,2022-04-22 23:13:43
591,Tambopata,-12.7333,-69.1833,78.73,79,97,2.89,PE,overcast clouds,2022-04-22 23:13:43
592,Yarim,14.298,44.3779,56.98,59,31,2.01,YE,scattered clouds,2022-04-22 23:13:44
593,Narsingi,18.0333,78.4333,81.5,54,88,6.8,IN,overcast clouds,2022-04-22 23:13:44
594,Ylivieska,64.0833,24.55,36.32,93,56,4.54,FI,broken clouds,2022-04-22 23:13:45
595,Nevel,56.0209,29.9284,42.4,79,64,4.27,RU,broken clouds,2022-04-22 23:13:45
596,Robertson,36.5167,-86.8667,82.38,39,0,6.91,US,clear sky,2022-04-22 23:13:45
597,San Vicente De Chucuri,6.881,-73.4098,68.77,96,96,0.74,CO,overcast clouds,2022-04-22 23:13:46
598,Discovery Bay,37.9085,-121.6002,69.89,39,100,9.22,US,overcast clouds,2022-04-22 23:13:46
599,Hun,29.1268,15.9477,68.29,29,1,8.01,LY,clear sky,2022-04-22 23:13:47
600,Mbanza-Ngungu,-5.25,14.8667,68.94,98,100,3.04,CD,overcast clouds,2022-04-22 23:13:47
601,Bilma,18.6853,12.9164,89.38,11,3,6.29,NE,clear sky,2022-04-22 23:10:33
602,Tabas,33.5959,56.9244,76.68,27,100,7.4,IR,overcast clouds,2022-04-22 23:13:48
603,Nosy Varika,-20.5833,48.5333,73.06,94,99,3.38,MG,light rain,2022-04-22 23:13:48
604,Nikel,69.4128,30.222,35.78,97,100,14.5,RU,overcast clouds,2022-04-22 23:13:48
605,Guaraniacu,-25.1008,-52.8781,62.85,93,28,2.46,BR,light rain,2022-04-22 23:13:49
606,Batticaloa,7.7102,81.6924,78.3,86,93,8.37,LK,overcast clouds,2022-04-22 23:13:49
607,Taoudenni,22.6783,-3.9836,80.49,8,74,9.75,ML,broken clouds,2022-04-22 23:13:50
608,Temiscaming,46.7212,-79.0971,43.03,58,30,4.47,CA,scattered clouds,2022-04-22 23:13:50
609,San Matias,-16.3667,-58.4,81.68,68,100,5.21,BO,overcast clouds,2022-04-22 23:13:50
610,Carndonagh,55.25,-7.2667,47.12,75,8,13.0,IE,clear sky,2022-04-22 23:13:51
611,Vallenar,-28.5708,-70.7581,68.0,51,18,2.1,CL,few clouds,2022-04-22 23:13:51
612,Jalu,29.0331,21.5482,76.08,11,83,8.5,LY,broken clouds,2022-04-22 23:13:52
613,Trujillo,-8.116,-79.03,62.56,94,100,11.5,PE,mist,2022-04-22 23:13:52
614,Puerto Maldonado,-12.6,-69.1833,77.83,85,99,2.62,PE,overcast clouds,2022-04-22 23:13:52
615,Nigel,-26.4314,28.4771,57.38,73,73,1.5,ZA,broken clouds,2022-04-22 23:13:53
616,Lusambo,-4.9667,23.45,71.65,88,85,0.47,CD,overcast clouds,2022-04-22 23:13:53
617,Manjacaze,-24.7117,33.8828,66.29,89,99,2.51,MZ,overcast clouds,2022-04-22 23:13:54
618,Pizarro,4.9533,-77.366,79.09,79,72,4.18,CO,light rain,2022-04-22 23:13:54
619,Le Port,-20.9373,55.2919,77.0,80,59,11.01,RE,light rain,2022-04-22 23:13:54
620,Wexford,52.3342,-6.4575,52.21,80,63,17.65,IE,broken clouds,2022-04-22 23:13:55
621,Cochrane,51.1834,-114.4687,37.65,75,100,6.73,CA,overcast clouds,2022-04-22 23:13:55
622,Beyneu,45.3167,55.2,60.73,56,74,12.44,KZ,broken clouds,2022-04-22 23:13:55
623,Burriana,39.889,-0.085,59.7,72,79,2.89,ES,broken clouds,2022-04-22 23:13:56
624,Saint-Joseph,-21.3667,55.6167,75.58,82,63,16.82,RE,light rain,2022-04-22 23:13:56
625,Srikakulam,18.3,83.9,79.81,86,3,8.55,IN,clear sky,2022-04-22 23:13:56
626,Zelenoborskiy,66.845,32.3622,33.01,95,94,5.84,RU,overcast clouds,2022-04-22 23:13:57
627,Ahtopol,42.1,27.95,52.48,85,100,5.91,BG,light rain,2022-04-22 23:13:57
628,Naruja,41.9069,41.9542,44.92,69,58,4.83,GE,broken clouds,2022-04-22 23:13:57
629,Pisz,53.6274,21.8125,42.49,87,39,7.78,PL,scattered clouds,2022-04-22 23:13:58
630,Harlingen,26.1906,-97.6961,84.16,51,75,24.16,US,broken clouds,2022-04-22 23:09:46
631,Oriximina,-1.7656,-55.8661,72.3,95,100,2.75,BR,overcast clouds,2022-04-22 23:13:58
632,Winneba,5.3511,-0.6231,80.49,86,33,8.75,GH,light rain,2022-04-22 23:13:59
633,Corinto,37.9407,22.9573,59.41,83,39,1.63,GR,scattered clouds,2022-04-22 23:13:59
634,Severomorsk,69.0689,33.4162,36.0,98,100,11.65,RU,overcast clouds,2022-04-22 23:13:59
635,Tuzha,57.6062,47.936,32.67,90,17,4.47,RU,few clouds,2022-04-22 23:14:00
636,Turukhansk,65.8167,87.9833,21.38,92,100,5.06,RU,overcast clouds,2022-04-22 23:14:00
637,Jinka,5.65,36.65,61.95,89,86,2.53,ET,light rain,2022-04-22 23:14:01
638,Wageningen,51.9667,5.6667,54.09,72,43,11.5,NL,scattered clouds,2022-04-22 23:14:01
639,Charlottetown,46.2352,-63.1267,46.56,87,100,5.99,CA,overcast clouds,2022-04-22 23:14:02
640,Marsh Harbour,26.5412,-77.0636,73.31,65,73,21.9,BS,broken clouds,2022-04-22 23:14:02
641,Quijingue,-10.7525,-39.2092,72.77,85,31,4.36,BR,scattered clouds,2022-04-22 23:11:16
642,Luau,-10.7073,22.2247,66.38,86,99,3.51,AO,overcast clouds,2022-04-22 23:14:03
643,Hanko,59.8333,22.95,41.41,83,61,4.43,FI,broken clouds,2022-04-22 23:14:03
644,Bengkulu,-3.8004,102.2655,76.39,89,100,6.46,ID,overcast clouds,2022-04-22 23:10:11
645,Humberto De Campos,-2.5983,-43.4611,76.32,91,99,4.7,BR,overcast clouds,2022-04-22 23:14:04
646,Roald,62.5833,6.1333,46.76,81,99,19.57,NO,overcast clouds,2022-04-22 23:14:04
647,Sal Rei,16.1833,-22.9167,70.61,80,1,16.91,CV,clear sky,2022-04-22 23:14:05
648,Birao,10.2849,22.7882,83.53,48,82,7.7,CF,broken clouds,2022-04-22 23:14:05
649,Lasa,46.6166,10.7002,46.36,97,97,2.91,IT,overcast clouds,2022-04-22 23:11:39
650,Bokoro,12.3807,17.0568,94.35,22,55,3.44,TD,broken clouds,2022-04-22 23:14:05
651,Burton,42.9995,-83.6163,50.43,85,100,8.05,US,moderate rain,2022-04-22 23:14:06
652,Puntarenas,9.9763,-84.8384,82.6,69,98,7.54,CR,overcast clouds,2022-04-22 23:14:06
653,Groton,41.3501,-72.0784,62.51,25,0,13.8,US,clear sky,2022-04-22 23:14:07
654,Qostanay,53.1667,63.5833,26.89,59,0,2.24,KZ,clear sky,2022-04-22 23:12:43
655,Nouadhibou,20.931,-17.0347,63.75,79,0,21.34,MR,clear sky,2022-04-22 23:14:07
656,Gunjur,13.2019,-16.7339,73.47,73,52,5.75,GM,broken clouds,2022-04-22 23:14:08
657,Iisalmi,63.5592,27.1907,32.09,95,54,3.18,FI,broken clouds,2022-04-22 23:47:52
658,Maputo,-25.9653,32.5892,71.22,90,20,2.3,MZ,few clouds,2022-04-22 23:47:53
659,Kazerun,29.6195,51.6541,64.47,30,66,1.45,IR,broken clouds,2022-04-22 23:47:53
660,Campos,-21.75,-41.3,71.91,92,0,4.97,BR,clear sky,2022-04-22 23:47:53
661,Oranjemund,-28.55,16.4333,55.74,94,21,13.13,NA,few clouds,2022-04-22 23:47:54
662,Soligalich,59.0778,42.2864,40.57,89,87,3.6,RU,overcast clouds,2022-04-22 23:47:54
663,Le Creusot,46.8071,4.4163,51.67,94,100,3.89,FR,overcast clouds,2022-04-22 23:47:54
664,Sebring,27.4956,-81.4409,75.15,64,0,17.0,US,clear sky,2022-04-22 23:47:55
665,Amalapuram,16.5833,82.0167,77.34,95,13,3.13,IN,few clouds,2022-04-22 23:47:20
666,Porto De Moz,-1.7483,-52.2383,72.48,98,100,2.64,BR,overcast clouds,2022-04-22 23:47:55
667,Hericourt,47.5731,6.7614,48.36,91,80,4.97,FR,broken clouds,2022-04-22 23:47:55
668,Chapais,49.7834,-74.8492,29.98,80,90,8.16,CA,overcast clouds,2022-04-22 23:47:56
669,Ushtobe,45.2514,77.9838,57.22,34,87,7.61,KZ,overcast clouds,2022-04-22 23:47:56
670,Tchibanga,-2.85,11.0333,71.82,98,99,1.66,GA,light rain,2022-04-22 23:47:56
671,Jacmel,18.2342,-72.5347,82.24,83,65,2.26,HT,broken clouds,2022-04-22 23:47:57
672,Pavlodar,52.3,76.95,21.0,86,0,0.0,KZ,clear sky,2022-04-22 23:44:48
673,Fort Portal,0.6617,30.2748,60.6,93,87,1.45,UG,light rain,2022-04-22 23:47:57
674,Kaliua,-5.0606,31.7936,67.23,94,100,1.3,TZ,light rain,2022-04-22 23:47:58
675,Torit,4.4133,32.5678,70.84,87,100,2.55,SS,overcast clouds,2022-04-22 23:47:58
676,Nedjo,9.5046,35.5019,57.79,91,100,4.07,ET,overcast clouds,2022-04-22 23:47:58
677,Weligama,5.9667,80.4167,78.17,86,100,2.42,LK,overcast clouds,2022-04-22 23:47:59
678,Alexandria,31.2156,29.9553,55.94,71,0,5.75,EG,clear sky,2022-04-22 23:47:59
679,Barajevo,44.5789,20.4158,54.88,89,100,5.68,RS,overcast clouds,2022-04-22 23:47:59
680,Karacabey,40.2152,28.4038,55.78,76,95,3.0,TR,overcast clouds,2022-04-22 23:47:01
681,Sabha,27.0377,14.4283,73.94,20,0,14.27,LY,clear sky,2022-04-22 23:48:00
682,Xuddur,4.1213,43.8894,75.58,78,90,10.94,SO,overcast clouds,2022-04-22 23:48:00
683,Maarianhamina,60.0973,19.9348,39.06,87,0,6.91,AX,clear sky,2022-04-22 23:48:00
684,Sao Jose Da Coroa Grande,-8.8978,-35.1478,78.37,84,18,7.43,BR,few clouds,2022-04-22 23:48:01
685,Mongo,12.1844,18.693,90.91,23,98,1.92,TD,overcast clouds,2022-04-22 23:48:01
686,Natal,-5.795,-35.2094,77.65,94,75,16.11,BR,moderate rain,2022-04-22 23:48:01
687,Amapa,1.0,-52.0,70.81,100,100,2.57,BR,overcast clouds,2022-04-22 23:48:02
